Num Nodes,Num Models,Num Requests,Stress Level,Alpha,Mean Latency,Median Latency,Min Latency,Max Latency,Standard Deviation,Warm,Cold,Download,Evict,50th Percentile,90th Percentile,95th Percentile,99th Percentile
2,1000,1000,0.2,0.0,48.93,48.97,0.05,115.76,20.41,17,926,57,0,48.97,75.48,77.89,100.1
2,1000,1000,0.2,1.1,42.5,41.74,0.06,130.49,22.74,115,857,28,0,41.74,70.66,75.48,89.84
2,1000,1000,0.2,1.6,18.98,0.19,0.05,77.89,25.26,608,392,0,0,0.19,56.2,65.84,77.89
2,1000,1000,0.2,2.2,10.24,0.17,0.06,77.89,21.21,793,206,1,0,0.17,48.97,56.2,77.89
2,1000,1000,0.2,4.0,3.59,0.13,0.13,70.66,12.48,926,74,0,0,0.13,0.16,39.33,63.43
2,1000,1000,1.0,0.0,1244.55,1243.61,22.46,2540.88,712.3,18,607,245,130,1243.61,2234.98,2366.66,2469.73
2,1000,1000,1.0,1.1,1043.11,1029.71,20.05,2134.52,606.79,104,614,204,78,1029.71,1902.15,1997.68,2084.07
2,1000,1000,1.0,1.6,55.51,51.74,0.05,197.74,34.85,744,194,62,0,51.74,99.71,122.65,157.26
2,1000,1000,1.0,2.2,11.11,0.19,0.08,129.29,22.22,871,121,8,0,0.19,53.79,62.15,88.06
2,1000,1000,1.0,4.0,5.44,0.25,0.12,93.25,15.55,952,47,1,0,0.25,23.06,39.3,68.25
2,1000,1000,10.0,0.0,1754.8,1784.26,20.05,3519.86,1009.9,11,604,210,175,1784.26,3155.81,3320.42,3439.5
2,1000,1000,10.0,1.1,1599.28,1611.83,22.46,3214.25,914.14,117,593,190,100,1611.83,2849.69,3030.31,3162.24
2,1000,1000,10.0,1.6,625.55,633.5,22.46,1186.87,324.44,716,214,70,0,633.5,1062.37,1108.59,1131.87
2,1000,1000,10.0,2.2,417.89,450.99,68.25,705.56,154.31,904,75,21,0,450.99,616.36,620.48,622.62
2,1000,1000,10.0,4.0,141.18,138.99,48.97,275.61,32.39,965,32,3,0,138.99,185.6,202.32,206.45
2,1000,100000,0.2,0.0,50.09,48.97,0.05,145.63,19.45,1152,92336,1686,4826,48.97,75.48,77.89,100.07
2,1000,100000,0.2,1.1,45.24,46.56,0.05,153.36,22.3,10183,87662,634,1521,46.56,73.07,77.89,83.02
2,1000,100000,0.2,1.6,21.48,0.29,0.05,109.4,28.24,59870,40104,26,0,0.29,65.84,75.48,77.89
2,1000,100000,0.2,2.2,8.66,0.23,0.05,86.43,18.54,80377,19620,3,0,0.23,32.1,58.61,65.84
2,1000,100000,0.2,4.0,2.87,0.1,0.07,77.89,11.2,93672,6328,0,0,0.1,0.1,32.1,73.07
2,1000,100000,1.0,0.0,127509.31,127627.16,20.05,254866.74,73543.84,1693,59583,9454,29270,127627.16,229496.55,242106.43,252394.7
2,1000,100000,1.0,1.1,121131.99,120901.51,20.05,243158.8,69954.19,12875,61849,5934,19342,120901.51,218294.62,230810.24,240580.91
2,1000,100000,1.0,1.6,5840.37,5706.69,0.05,11973.36,3684.58,74188,23646,676,1490,5706.69,10959.36,11184.48,11793.08
2,1000,100000,1.0,2.2,4.35,0.07,0.06,106.89,14.54,90999,8998,3,0,0.07,0.29,41.74,75.48
2,1000,100000,1.0,4.0,1.56,0.16,0.13,109.77,8.97,97493,2504,3,0,0.16,0.16,0.16,51.38
2,1000,100000,10.0,0.0,178214.29,178111.17,22.46,356590.26,102958.17,1652,58286,9692,30370,178111.17,321052.12,338786.81,352969.6
2,1000,100000,10.0,1.1,156505.49,156177.13,22.46,313877.18,90514.93,13271,61703,5980,19046,156177.13,282119.92,298001.87,310632.24
2,1000,100000,10.0,1.6,45251.59,45299.31,22.46,90545.89,26084.88,76186,21533,615,1666,45299.31,81322.59,85646.25,89414.05
2,1000,100000,10.0,2.2,26245.08,26594.19,29.69,51796.99,14761.3,92446,7373,181,0,26594.19,46650.6,48692.85,51197.94
2,1000,100000,10.0,4.0,3.34,0.21,0.05,220.33,18.7,99461,534,5,0,0.21,0.21,0.21,133.94
2,10000,1000,0.2,0.0,67.08,65.97,0.29,156.68,26.26,1,88,260,651,65.97,100.07,106.89,128.07
2,10000,1000,0.2,1.1,52.22,51.38,0.09,115.68,27.62,84,497,124,295,51.38,93.25,100.07,106.89
2,10000,1000,0.2,1.6,19.04,0.11,0.06,93.25,25.01,589,405,1,5,0.11,58.61,63.43,75.48
2,10000,1000,0.2,2.2,11.47,0.24,0.07,89.84,22.61,787,211,1,1,0.24,53.79,65.84,73.07
2,10000,1000,0.2,4.0,5.3,0.25,0.07,93.25,16.53,902,96,1,1,0.25,0.25,56.2,68.25
2,10000,1000,1.0,0.0,1406.69,1409.04,25.05,2906.45,842.49,0,65,241,694,1409.04,2561.17,2701.77,2859.5
2,10000,1000,1.0,1.1,1126.21,1142.63,20.05,2183.2,627.26,142,281,140,437,1142.63,1967.1,2044.09,2116.79
2,10000,1000,1.0,1.6,119.33,121.38,0.11,250.53,40.91,756,178,15,51,121.38,168.78,189.3,226.2
2,10000,1000,1.0,2.2,10.08,0.19,0.05,148.41,20.69,884,105,1,10,0.19,44.38,56.2,77.89
2,10000,1000,1.0,4.0,7.56,0.23,0.11,131.09,19.52,952,46,0,2,0.23,36.4,63.43,77.31
2,10000,1000,10.0,0.0,1974.76,2001.36,28.46,3956.0,1144.94,0,63,231,706,2001.36,3530.32,3752.16,3890.43
2,10000,1000,10.0,1.1,1483.36,1486.4,24.87,3029.73,879.32,113,284,151,452,1486.4,2674.81,2824.77,2953.88
2,10000,1000,10.0,1.6,550.61,574.5,22.46,1179.68,312.55,726,186,23,65,574.5,978.12,1045.43,1094.0
2,10000,1000,10.0,2.2,403.05,460.85,36.92,807.74,186.25,877,96,4,23,460.85,631.84,688.92,708.33
2,10000,1000,10.0,4.0,154.62,164.67,27.28,234.09,31.16,957,41,0,2,164.67,178.31,180.88,184.79
2,10000,100000,0.2,0.0,66.18,65.97,0.05,214.3,26.16,122,10464,24912,64502,65.97,101.39,106.89,122.56
2,10000,100000,0.2,1.1,54.29,55.74,0.05,161.01,28.1,9361,44631,12536,33472,55.74,93.25,100.07,106.89
2,10000,100000,0.2,1.6,20.47,0.25,0.05,106.89,26.97,59980,38939,299,782,0.25,65.84,70.66,75.48
2,10000,100000,0.2,2.2,11.03,0.29,0.05,123.06,22.98,79231,20743,7,19,0.29,53.79,68.25,77.89
2,10000,100000,0.2,4.0,4.45,0.15,0.05,77.89,16.23,92897,7103,0,0,0.15,0.15,44.15,77.89
2,10000,100000,1.0,0.0,146228.59,146546.05,25.05,292188.01,84379.53,144,6055,23576,70225,146546.05,263138.85,277669.75,289407.07
2,10000,100000,1.0,1.1,133456.24,133903.33,20.05,266121.03,76855.33,11463,29923,14370,44244,133903.33,239600.95,252933.08,263463.26
2,10000,100000,1.0,1.6,10864.43,11005.33,27.28,21357.21,6225.8,75595,16778,1713,5914,11005.33,19438.9,20282.02,21004.08
2,10000,100000,1.0,2.2,5.79,0.21,0.06,184.73,17.77,91116,8796,20,68,0.21,10.13,58.61,75.48
2,10000,100000,1.0,4.0,1.58,0.14,0.1,149.21,9.04,97378,2618,0,4,0.14,0.14,0.28,48.97
2,10000,100000,10.0,0.0,191656.62,191847.42,25.05,383838.39,110777.6,153,6262,23556,70029,191847.42,345372.88,364682.47,379961.24
2,10000,100000,10.0,1.1,152278.69,152640.72,20.05,304431.63,87836.59,12349,28362,14478,44811,152640.72,273992.91,289116.9,301226.86
2,10000,100000,10.0,1.6,52552.1,52718.59,22.46,104915.32,30137.47,76269,16002,1668,6061,52718.59,94176.15,99546.11,103901.53
2,10000,100000,10.0,2.2,20386.74,20558.25,29.69,40165.74,11827.86,92738,5931,239,1092,20558.25,36682.61,38367.77,39764.81
2,10000,100000,10.0,4.0,1865.75,2021.24,36.28,3084.99,836.39,99450,507,7,36,2021.24,2888.14,2942.84,2984.8
2,100000,1000,0.2,0.0,72.13,72.79,24.87,172.17,30.53,0,11,280,709,72.79,106.89,125.56,153.01
2,100000,1000,0.2,1.1,53.53,56.2,0.07,126.15,28.17,94,430,135,341,56.2,93.25,100.07,106.89
2,100000,1000,0.2,1.6,20.51,0.21,0.06,103.48,27.97,615,377,1,7,0.21,65.84,75.48,75.48
2,100000,1000,0.2,2.2,12.31,0.15,0.09,77.89,24.53,783,217,0,0,0.15,68.25,70.66,77.89
2,100000,1000,0.2,4.0,4.31,0.15,0.15,73.07,14.8,921,79,0,0,0.15,0.15,44.15,65.84
2,100000,1000,1.0,0.0,1529.08,1501.6,25.05,3078.04,878.43,0,3,249,748,1501.6,2740.2,2886.0,3033.16
2,100000,1000,1.0,1.1,1338.43,1323.13,20.05,2644.54,749.24,117,250,165,468,1323.13,2375.09,2490.15,2591.48
2,100000,1000,1.0,1.6,16.74,0.19,0.05,136.88,25.53,744,207,12,37,0.19,57.56,71.66,99.98
2,100000,1000,1.0,2.2,6.93,0.16,0.05,93.25,17.12,855,140,0,5,0.16,46.56,51.38,68.25
2,100000,1000,1.0,4.0,3.83,0.22,0.19,86.35,13.11,952,46,0,2,0.22,4.53,29.26,61.02
2,100000,1000,10.0,0.0,1924.9,1926.93,25.05,3875.61,1116.19,1,4,247,748,1926.93,3455.3,3641.4,3785.78
2,100000,1000,10.0,1.1,1675.53,1678.97,20.05,3346.4,947.89,119,256,161,464,1678.97,2971.27,3137.32,3273.6
2,100000,1000,10.0,1.6,394.16,397.08,20.05,863.32,220.68,745,177,21,57,397.08,700.11,747.47,779.86
2,100000,1000,10.0,2.2,257.27,249.27,22.46,564.16,125.57,862,108,7,23,249.27,426.59,463.21,479.44
2,100000,1000,10.0,4.0,321.81,363.64,46.56,498.66,106.08,957,38,0,5,363.64,420.32,424.92,428.92
2,100000,100000,0.2,0.0,68.4,69.38,0.07,191.46,26.21,18,1008,27356,71618,69.38,103.48,106.89,127.62
2,100000,100000,0.2,1.1,51.93,51.38,0.05,152.78,28.32,9914,42075,13407,34604,51.38,89.84,100.07,106.89
2,100000,100000,0.2,1.6,21.66,0.24,0.06,106.89,28.42,60351,38562,301,786,0.24,65.84,70.66,77.89
2,100000,100000,0.2,2.2,11.78,0.26,0.05,139.08,24.33,79140,20843,6,11,0.26,65.84,77.89,77.89
2,100000,100000,0.2,4.0,5.9,0.28,0.09,103.48,19.27,92006,7993,0,1,0.28,0.28,73.07,75.48
2,100000,100000,1.0,0.0,149353.23,149497.24,25.05,298394.13,86047.34,13,623,25513,73851,149497.24,268558.31,283376.97,295519.84
2,100000,100000,1.0,1.1,128882.38,129174.44,20.05,257494.05,74303.92,11321,25595,15536,47548,129174.44,231675.56,244606.83,254923.91
2,100000,100000,1.0,1.6,10885.68,10394.74,0.12,22655.88,6443.28,74731,17614,1808,5847,10394.74,19976.1,21637.71,22322.21
2,100000,100000,1.0,2.2,4.43,0.08,0.05,106.89,14.86,91008,8970,6,16,0.08,0.29,44.15,75.48
2,100000,100000,1.0,4.0,1.89,0.27,0.05,143.43,9.76,97156,2841,0,3,0.27,0.27,0.27,65.84
2,100000,100000,10.0,0.0,193507.56,193735.26,25.05,386877.06,111700.03,12,596,25247,74145,193735.26,348270.24,367643.73,382962.32
2,100000,100000,10.0,1.1,176757.63,177038.66,24.87,353259.83,101963.71,11485,25510,15224,47781,177038.66,317738.67,335485.55,349796.23
2,100000,100000,10.0,1.6,52758.52,52834.56,36.92,105645.59,30470.74,75118,17202,1693,5987,52834.56,95018.09,100229.58,104520.37
2,100000,100000,10.0,2.2,15361.61,15266.15,20.05,30910.91,8954.15,93320,5455,317,908,15266.15,27637.36,28980.64,30539.64
2,100000,100000,10.0,4.0,3189.51,3088.48,28.4,6802.77,1720.62,99129,828,5,38,3088.48,5422.72,6104.04,6674.34
20,1000,1000,0.2,0.0,48.36,48.97,0.05,77.89,17.73,10,990,0,0,48.97,73.07,75.48,77.89
20,1000,1000,0.2,1.1,43.92,46.56,0.05,77.89,22.79,96,904,0,0,46.56,73.07,75.48,77.89
20,1000,1000,0.2,1.6,18.4,0.29,0.07,77.89,25.41,626,374,0,0,0.29,61.02,70.66,77.89
20,1000,1000,0.2,2.2,10.8,0.06,0.06,77.89,21.49,788,212,0,0,0.06,56.2,61.02,73.07
20,1000,1000,0.2,4.0,6.76,0.26,0.26,96.66,20.69,904,95,1,0,0.26,0.29,70.66,77.89
20,1000,1000,1.0,0.0,46.96,48.97,0.05,77.89,20.06,52,948,0,0,48.97,73.07,75.48,77.89
20,1000,1000,1.0,1.1,38.08,39.33,0.05,106.89,26.11,232,766,2,0,39.33,73.07,77.89,77.89
20,1000,1000,1.0,1.6,12.11,0.11,0.05,77.89,22.23,739,261,0,0,0.11,51.38,65.84,75.48
20,1000,1000,1.0,2.2,9.95,0.26,0.08,103.48,23.65,843,150,7,0,0.26,66.32,70.66,75.48
20,1000,1000,1.0,4.0,7.43,0.28,0.09,103.48,22.21,902,90,8,0,0.28,0.28,75.48,75.48
20,1000,1000,10.0,0.0,124.83,118.59,20.05,284.91,69.99,103,407,490,0,118.59,228.72,248.31,271.79
20,1000,1000,10.0,1.1,93.17,77.89,0.06,242.19,48.83,250,395,355,0,77.89,162.76,173.57,211.95
20,1000,1000,10.0,1.6,60.43,61.02,20.05,166.06,22.03,625,269,106,0,61.02,77.55,102.49,151.63
20,1000,1000,10.0,2.2,77.16,77.89,20.05,177.94,16.35,744,203,53,0,77.89,89.42,97.46,152.82
20,1000,1000,10.0,4.0,17.11,0.14,0.07,96.66,20.98,596,383,21,0,0.14,41.74,41.74,55.74
20,1000,100000,0.2,0.0,48.25,48.97,0.05,77.89,18.06,1184,98816,0,0,48.97,73.07,75.48,77.89
20,1000,100000,0.2,1.1,42.33,41.74,0.05,77.89,21.33,10431,89569,0,0,41.74,70.66,75.48,77.89
20,1000,100000,0.2,1.6,22.62,0.26,0.05,96.66,29.22,59891,40108,1,0,0.26,70.66,75.48,77.89
20,1000,100000,0.2,2.2,8.64,0.1,0.05,77.89,18.04,80467,19533,0,0,0.1,48.97,48.97,56.2
20,1000,100000,0.2,4.0,2.59,0.06,0.06,77.89,10.38,93978,6022,0,0,0.06,0.06,32.1,51.38
20,1000,100000,1.0,0.0,47.09,48.97,0.05,106.89,20.39,5732,94254,14,0,48.97,73.07,77.89,77.89
20,1000,100000,1.0,1.1,37.59,39.33,0.05,106.89,25.9,23943,76047,10,0,39.33,70.66,75.48,77.89
20,1000,100000,1.0,1.6,10.35,0.08,0.05,100.07,20.92,77863,22136,1,0,0.08,48.97,65.84,75.48
20,1000,100000,1.0,2.2,4.27,0.17,0.05,77.89,14.14,91197,8802,1,0,0.17,0.21,48.97,65.84
20,1000,100000,1.0,4.0,1.6,0.13,0.07,103.48,9.18,97297,2701,2,0,0.13,0.13,0.28,53.79
20,1000,100000,10.0,0.0,10720.19,10748.08,0.05,21238.22,6049.85,16182,57662,12867,13289,10748.08,19061.5,20144.47,20967.09
20,1000,100000,10.0,1.1,7286.9,7336.78,20.05,14261.46,4046.25,39406,41737,11508,7349,7336.78,12840.92,13533.91,14052.57
20,1000,100000,10.0,1.6,4.9,0.08,0.05,123.11,15.44,90279,9641,80,0,0.08,4.08,46.56,73.07
20,1000,100000,10.0,2.2,1.96,0.18,0.05,168.42,9.52,96982,2967,51,0,0.18,0.24,0.25,58.84
20,1000,100000,10.0,4.0,0.89,0.2,0.08,114.87,6.21,99144,831,25,0,0.2,0.2,0.29,36.81
20,10000,1000,0.2,0.0,49.61,48.97,0.07,77.89,18.12,4,996,0,0,48.97,73.07,77.89,77.89
20,10000,1000,0.2,1.1,44.63,46.56,0.08,77.89,21.48,88,912,0,0,46.56,73.07,75.48,77.89
20,10000,1000,0.2,1.6,20.59,0.25,0.05,77.89,28.09,614,386,0,0,0.25,68.25,75.48,77.89
20,10000,1000,0.2,2.2,7.88,0.08,0.06,77.89,16.44,795,205,0,0,0.08,36.92,44.15,65.84
20,10000,1000,0.2,4.0,3.25,0.18,0.08,75.48,11.58,925,75,0,0,0.18,0.18,27.28,51.38
20,10000,1000,1.0,0.0,48.67,48.97,0.08,89.84,17.68,5,994,1,0,48.97,73.07,75.48,77.89
20,10000,1000,1.0,1.1,39.44,41.74,0.07,77.89,24.5,195,805,0,0,41.74,73.07,75.48,77.89
20,10000,1000,1.0,1.6,14.23,0.25,0.05,93.25,24.41,714,281,5,0,0.25,65.84,68.25,75.5
20,10000,1000,1.0,2.2,5.36,0.11,0.07,75.48,15.95,889,111,0,0,0.11,24.87,41.86,73.07
20,10000,1000,1.0,4.0,3.44,0.12,0.12,75.48,12.96,932,67,1,0,0.12,0.28,36.92,75.48
20,10000,1000,10.0,0.0,144.25,144.7,20.05,311.26,80.8,6,404,590,0,144.7,258.31,274.92,295.0
20,10000,1000,10.0,1.1,114.93,109.0,0.06,273.14,61.45,213,363,424,0,109.0,199.39,228.04,258.58
20,10000,1000,10.0,1.6,54.45,53.79,20.05,173.75,21.95,613,295,92,0,53.79,72.79,94.12,139.19
20,10000,1000,10.0,2.2,15.39,0.09,0.05,106.89,21.29,614,367,19,0,0.09,48.97,51.5,73.07
20,10000,1000,10.0,4.0,64.75,68.81,25.31,140.97,20.97,782,186,32,0,68.81,91.75,96.06,103.48
20,10000,100000,0.2,0.0,49.1,48.97,0.05,77.89,17.51,124,99876,0,0,48.97,73.07,75.48,77.89
20,10000,100000,0.2,1.1,45.09,48.97,0.05,77.89,21.93,9212,90788,0,0,48.97,73.07,75.48,77.89
20,10000,100000,0.2,1.6,22.0,0.26,0.06,77.89,28.73,59775,40225,0,0,0.26,70.66,73.07,75.48
20,10000,100000,0.2,2.2,9.33,0.15,0.05,77.89,20.33,80892,19108,0,0,0.15,44.15,58.61,75.48
20,10000,100000,0.2,4.0,5.02,0.22,0.06,83.02,17.04,92444,7555,1,0,0.22,0.22,61.02,73.07
20,10000,100000,1.0,0.0,48.72,48.97,0.05,106.89,17.86,619,99352,29,0,48.97,73.07,75.48,77.89
20,10000,100000,1.0,1.1,37.93,39.33,0.05,103.48,24.89,21598,78398,4,0,39.33,70.66,75.48,77.89
20,10000,100000,1.0,1.6,10.92,0.18,0.05,93.25,21.34,77207,22788,5,0,0.18,51.38,63.43,77.89
20,10000,100000,1.0,2.2,4.75,0.25,0.05,103.48,15.2,90934,9061,5,0,0.25,0.28,44.15,73.07
20,10000,100000,1.0,4.0,1.42,0.18,0.08,77.89,7.77,97311,2685,4,0,0.18,0.18,0.2,51.38
20,10000,100000,10.0,0.0,14305.69,14242.49,20.05,28652.6,8278.32,1485,15276,22849,60390,14242.49,25788.07,27207.98,28329.53
20,10000,100000,10.0,1.1,9007.21,9016.75,20.05,18129.49,5230.13,30135,14494,15622,39749,9016.75,16248.41,17161.12,17888.22
20,10000,100000,10.0,1.6,5.92,0.27,0.05,178.74,17.2,90367,9341,292,0,0.27,27.28,51.38,73.07
20,10000,100000,10.0,2.2,1.41,0.07,0.05,83.02,8.23,97093,2894,13,0,0.07,0.17,0.2,56.2
20,10000,100000,10.0,4.0,0.48,0.12,0.07,106.89,4.03,99124,859,17,0,0.12,0.12,0.12,0.16
20,100000,1000,0.2,0.0,62.76,62.56,20.05,106.89,24.39,0,118,348,534,62.56,96.66,103.48,106.89
20,100000,1000,0.2,1.1,52.26,52.33,0.05,106.89,24.84,72,581,129,218,52.33,83.02,93.25,103.48
20,100000,1000,0.2,1.6,23.27,0.25,0.05,79.61,28.83,573,425,0,2,0.25,68.25,68.25,77.89
20,100000,1000,0.2,2.2,13.43,0.27,0.09,100.07,26.02,778,221,0,1,0.27,65.84,77.89,77.89
20,100000,1000,0.2,4.0,5.59,0.29,0.09,106.89,18.05,913,86,0,1,0.29,0.29,44.15,77.89
20,100000,1000,1.0,0.0,63.78,62.56,0.16,106.89,24.38,1,128,327,544,62.56,100.07,103.48,106.89
20,100000,1000,1.0,1.1,43.63,44.15,0.05,106.89,28.33,182,483,131,204,44.15,79.61,89.84,103.48
20,100000,1000,1.0,1.6,13.16,0.19,0.07,77.89,23.66,745,254,0,1,0.19,53.79,68.25,77.89
20,100000,1000,1.0,2.2,8.02,0.26,0.09,96.66,20.75,869,125,0,6,0.26,51.38,69.44,75.48
20,100000,1000,1.0,4.0,3.62,0.14,0.12,70.66,13.17,930,69,0,1,0.14,0.26,41.74,70.66
20,100000,1000,10.0,0.0,161.97,162.56,20.05,330.89,85.75,1,55,305,639,162.56,283.04,295.95,314.82
20,100000,1000,10.0,1.1,125.56,118.59,0.05,284.15,63.5,205,249,160,386,118.59,212.28,243.85,267.62
20,100000,1000,10.0,1.6,47.89,49.53,0.08,163.45,21.96,568,335,25,72,49.53,63.43,86.43,136.68
20,100000,1000,10.0,2.2,53.73,51.38,0.08,175.12,19.37,631,308,14,47,51.38,69.38,79.61,140.64
20,100000,1000,10.0,4.0,46.16,47.36,21.54,151.4,10.97,691,288,0,21,47.36,53.79,56.39,72.79
20,100000,100000,0.2,0.0,64.02,62.56,0.12,106.89,24.48,9,11738,34046,54207,62.56,100.07,103.48,106.89
20,100000,100000,0.2,1.1,51.87,53.79,0.05,106.89,26.04,9195,57602,12555,20648,53.79,83.02,96.66,106.89
20,100000,100000,0.2,1.6,18.13,0.16,0.06,106.89,24.79,60694,39068,79,159,0.16,61.02,73.07,75.48
20,100000,100000,0.2,2.2,11.06,0.24,0.05,89.84,22.74,79474,20524,1,1,0.24,48.97,70.66,75.48
20,100000,100000,0.2,4.0,4.11,0.17,0.07,77.89,14.76,92887,7113,0,0,0.17,0.17,48.97,65.84
20,100000,100000,1.0,0.0,64.04,62.56,0.05,106.89,24.39,71,11650,32910,55369,62.56,100.07,103.48,106.89
20,100000,100000,1.0,1.1,44.7,46.56,0.05,106.89,30.1,20789,46028,12233,20950,46.56,83.02,96.66,106.89
20,100000,100000,1.0,1.6,11.37,0.2,0.05,106.89,22.26,77263,22475,98,164,0.2,53.79,65.84,75.48
20,100000,100000,1.0,2.2,3.79,0.07,0.05,103.48,12.91,91102,8897,0,1,0.07,0.28,32.1,65.84
20,100000,100000,1.0,4.0,1.54,0.08,0.08,77.89,9.34,97306,2694,0,0,0.08,0.08,0.24,65.84
20,100000,100000,10.0,0.0,14756.29,14782.03,20.05,29478.26,8488.32,165,1646,28744,69445,14782.03,26504.81,27974.91,29149.74
20,100000,100000,10.0,1.1,9737.34,9717.72,20.05,19533.16,5623.72,28723,6355,18267,46655,9717.72,17550.37,18509.01,19285.96
20,100000,100000,10.0,1.6,5.32,0.17,0.05,168.5,16.15,90070,9524,150,256,0.17,22.46,48.97,73.07
20,100000,100000,10.0,2.2,1.96,0.2,0.05,159.14,9.74,97042,2907,10,41,0.2,0.28,0.28,57.39
20,100000,100000,10.0,4.0,0.52,0.11,0.07,89.84,4.41,99085,901,0,14,0.11,0.11,0.22,0.24
200,1000,1000,0.2,0.0,48.38,48.97,0.05,77.89,18.2,11,989,0,0,48.97,73.07,77.89,77.89
200,1000,1000,0.2,1.1,42.02,44.15,0.05,77.89,23.8,129,871,0,0,44.15,73.07,77.89,77.89
200,1000,1000,0.2,1.6,19.56,0.26,0.07,77.89,26.26,611,389,0,0,0.26,63.43,73.07,77.89
200,1000,1000,0.2,2.2,6.63,0.08,0.05,70.66,15.54,835,165,0,0,0.08,32.1,41.74,61.02
200,1000,1000,0.2,4.0,5.46,0.23,0.21,75.48,18.01,919,81,0,0,0.23,0.24,63.43,75.48
200,1000,1000,1.0,0.0,46.58,46.56,0.05,77.89,20.21,52,948,0,0,46.56,73.07,75.48,77.89
200,1000,1000,1.0,1.1,36.85,38.12,0.05,77.89,25.68,236,764,0,0,38.12,70.9,75.6,77.89
200,1000,1000,1.0,1.6,15.08,0.28,0.08,103.48,25.41,714,282,4,0,0.28,61.02,75.48,75.48
200,1000,1000,1.0,2.2,6.08,0.13,0.1,77.89,16.33,875,124,1,0,0.13,39.33,49.09,65.86
200,1000,1000,1.0,4.0,5.58,0.25,0.07,103.48,18.62,922,71,7,0,0.25,0.25,68.25,68.32
200,1000,1000,10.0,0.0,46.17,51.38,0.05,77.89,22.73,105,895,0,0,51.38,73.07,75.48,77.89
200,1000,1000,10.0,1.1,38.85,41.74,0.05,100.07,25.54,217,771,12,0,41.74,73.07,75.48,77.89
200,1000,1000,10.0,1.6,41.61,53.79,0.05,106.89,32.11,345,601,54,0,53.79,70.66,77.89,93.25
200,1000,1000,10.0,2.2,46.9,70.66,0.08,106.89,33.66,322,615,63,0,70.66,70.66,89.84,96.66
200,1000,1000,10.0,4.0,15.7,0.13,0.07,72.79,19.44,605,376,19,0,0.13,39.33,39.33,52.33
200,1000,100000,0.2,0.0,49.22,48.97,0.05,77.89,18.29,1197,98803,0,0,48.97,73.07,75.48,77.89
200,1000,100000,0.2,1.1,43.86,44.15,0.05,77.89,21.74,10079,89921,0,0,44.15,73.07,75.48,77.89
200,1000,100000,0.2,1.6,21.13,0.25,0.05,77.89,28.69,60692,39308,0,0,0.25,70.66,73.07,73.07
200,1000,100000,0.2,2.2,9.29,0.07,0.05,77.89,19.96,80914,19086,0,0,0.07,41.74,53.79,70.66
200,1000,100000,0.2,4.0,3.54,0.15,0.14,73.07,12.59,93040,6960,0,0,0.15,0.15,44.15,65.84
200,1000,100000,1.0,0.0,46.19,46.56,0.05,77.89,19.92,5612,94388,0,0,46.56,70.66,75.48,77.89
200,1000,100000,1.0,1.1,37.25,39.33,0.05,77.89,25.93,24276,75724,0,0,39.33,73.07,75.48,77.89
200,1000,100000,1.0,1.6,10.36,0.07,0.05,77.89,20.87,78044,21956,0,0,0.07,48.97,61.02,73.07
200,1000,100000,1.0,2.2,5.06,0.29,0.05,106.89,16.28,90844,9150,6,0,0.29,0.29,51.38,77.89
200,1000,100000,1.0,4.0,1.57,0.06,0.06,75.48,9.41,97219,2781,0,0,0.06,0.06,0.25,68.25
200,1000,100000,10.0,0.0,30.04,29.69,0.05,77.89,27.28,38192,61808,0,0,29.69,68.25,75.48,77.89
200,1000,100000,10.0,1.1,22.85,0.28,0.05,103.48,27.18,53305,46678,17,0,0.28,66.08,73.07,77.89
200,1000,100000,10.0,1.6,5.3,0.24,0.05,106.89,16.11,89897,10040,63,0,0.24,20.05,51.38,73.07
200,1000,100000,10.0,2.2,2.36,0.29,0.05,106.89,11.55,96492,3428,80,0,0.29,0.29,0.29,75.48
200,1000,100000,10.0,4.0,0.88,0.23,0.09,86.43,6.25,98863,1091,46,0,0.23,0.23,0.23,34.51
200,10000,1000,0.2,0.0,47.81,48.97,0.08,77.89,17.52,1,999,0,0,48.97,70.66,75.48,77.89
200,10000,1000,0.2,1.1,45.72,48.97,0.06,77.89,21.44,88,912,0,0,48.97,73.07,75.48,77.89
200,10000,1000,0.2,1.6,20.3,0.14,0.08,77.89,27.0,608,392,0,0,0.14,61.02,70.66,77.89
200,10000,1000,0.2,2.2,8.93,0.16,0.05,77.89,19.63,794,206,0,0,0.16,34.51,70.66,73.07
200,10000,1000,0.2,4.0,7.11,0.27,0.16,100.07,19.51,883,116,1,0,0.27,46.56,73.07,73.07
200,10000,1000,1.0,0.0,48.51,48.97,0.06,77.89,17.4,8,992,0,0,48.97,73.07,75.48,77.89
200,10000,1000,1.0,1.1,39.78,42.94,0.06,77.89,24.1,182,818,0,0,42.94,70.66,75.48,77.89
200,10000,1000,1.0,1.6,14.5,0.28,0.05,103.48,25.18,729,267,4,0,0.28,58.61,75.48,77.89
200,10000,1000,1.0,2.2,8.33,0.2,0.06,100.07,19.5,839,157,4,0,0.2,48.97,56.2,73.07
200,10000,1000,1.0,4.0,2.51,0.16,0.05,75.48,10.53,949,50,1,0,0.16,0.16,20.05,46.56
200,10000,1000,10.0,0.0,46.91,46.56,0.05,77.89,18.21,14,986,0,0,46.56,73.07,75.48,77.89
200,10000,1000,10.0,1.1,39.7,41.74,0.05,106.89,25.54,204,784,12,0,41.74,73.07,75.48,77.89
200,10000,1000,10.0,1.6,18.9,0.18,0.05,96.66,24.34,578,407,15,0,0.18,58.61,68.25,75.48
200,10000,1000,10.0,2.2,33.88,33.3,0.06,103.48,30.54,420,535,45,0,33.3,61.02,70.9,83.02
200,10000,1000,10.0,4.0,14.48,0.12,0.06,76.2,18.76,625,357,18,0,0.12,36.92,36.92,48.97
